series_encounter,PA,games,AB,H,BB,HBP,SO,HR,AVG,OBP,SLG,OPS,K_pct,BB_pct,HR_pct,wOBA,wOBA_95_low,wOBA_95_high,RV_per_PA,RV_per_PA_95_low,RV_per_PA_95_high
1,2923,98,2513,676,283,83,485,79,0.26900119379228016,0.35943428768540875,0.42578591325109433,0.785220200936503,0.16592541908997605,0.09681833732466644,0.02702702702702703,0.35239414888114307,0.33210270200270375,0.3726855957595824,-0.014846648080482753,-0.034408684942923956,0.00471538878195845
2,1833,98,1610,480,147,53,245,71,0.2981366459627329,0.37362637362637363,0.49751552795031057,0.8711419015766841,0.1336606655755592,0.08019639934533551,0.03873431533006001,0.38064806789006245,0.3545915692474972,0.4067045665326277,0.011335933728505184,-0.013605765393124492,0.03627763285013486
3,860,91,766,225,67,16,110,36,0.293733681462141,0.36023391812865496,0.4960835509138381,0.8563174690424931,0.12790697674418605,0.07790697674418605,0.04186046511627907,0.37210606449444344,0.33045719675070395,0.41375493223818294,0.010357716972001985,-0.02846709606579532,0.04918253000979929
4,314,48,273,87,27,6,43,14,0.31868131868131866,0.3870967741935484,0.5274725274725275,0.9145693016660759,0.13694267515923567,0.08598726114649681,0.044585987261146494,0.39555200274772384,0.32753157713742875,0.46357242835801893,0.02958452197985269,-0.03798204479244627,0.09715108875215164
5+,89,21,77,19,8,3,9,1,0.24675324675324675,0.33707865168539325,0.35064935064935066,0.6877280023347438,0.10112359550561797,0.0898876404494382,0.011235955056179775,0.31654260577274035,0.23517088897427035,0.39791432257121034,-0.05016608087928069,-0.14962363990185235,0.04929147814329095
