tto_bf9,PA,games,AB,H,BB,HBP,SO,HR,AVG,OBP,SLG,OPS,K_pct,BB_pct,HR_pct,wOBA,wOBA_95_low,wOBA_95_high,RV_per_PA,RV_per_PA_95_low,RV_per_PA_95_high
1,3641,98,3114,836,365,106,588,102,0.26846499678869623,0.36194959844918306,0.42614001284521513,0.7880896112943983,0.16149409502883824,0.10024718483932986,0.028014281790716838,0.35435909404163357,0.33765651798041074,0.3710616701028564,-0.013549240882379973,-0.028962672992414416,0.0018641912276544693
2,1758,97,1564,471,125,47,224,69,0.30115089514066495,0.368270332187858,0.5070332480818415,0.8753035802696995,0.12741751990898748,0.07110352673492605,0.03924914675767918,0.379747569700747,0.3525699412804649,0.4069251981210291,0.011996119020424753,-0.014131251829614921,0.038123489870464426
3,535,72,486,155,35,7,71,25,0.31893004115226337,0.3709981167608286,0.5288065843621399,0.8998047011229685,0.13271028037383178,0.06542056074766354,0.04672897196261682,0.3884051542893749,0.32425936188212917,0.4525509466966206,0.026355941042704733,-0.03276176280137351,0.08547364488678298
4+,85,21,75,25,7,1,9,5,0.3333333333333333,0.38823529411764707,0.6,0.9882352941176471,0.10588235294117647,0.08235294117647059,0.058823529411764705,0.4057754860236863,0.28253937481868174,0.5290115972286908,0.061853998134472,-0.06401455397119543,0.18772255024013945
