season_encounter,PA,games,AB,H,BB,HBP,SO,HR,AVG,OBP,SLG,OPS,K_pct,BB_pct,HR_pct,wOBA,wOBA_95_low,wOBA_95_high,RV_per_PA,RV_per_PA_95_low,RV_per_PA_95_high
2025-1,2027,50,1753,482,198,48,312,54,0.2749572162007986,0.36200895077076084,0.4249857387335995,0.7869946895043604,0.15392205229403058,0.09768130241736557,0.026640355204736062,0.3550149584454269,0.333939858448146,0.3760900584427078,-0.015029146085953026,-0.03475611998746284,0.00469782781555679
2025-2,870,49,767,236,62,29,111,35,0.3076923076923077,0.37935034802784223,0.5097783572359843,0.8891287052638266,0.12758620689655173,0.07126436781609195,0.040229885057471264,0.38821254169746855,0.35122087272893754,0.42520421066599956,0.01590607724700206,-0.018257788595815085,0.0500699430898192
2025-3+,254,33,231,90,18,1,29,15,0.38961038961038963,0.43253968253968256,0.645021645021645,1.0775613275613276,0.1141732283464567,0.07086614173228346,0.05905511811023622,0.4584888635818289,0.37225869198703226,0.5447190351766255,0.07649257286288882,-0.004140950099274787,0.15712609582505244
2026-1,1689,48,1431,373,170,59,289,49,0.2606568832983927,0.35961768219832735,0.42627533193570927,0.7858930141340366,0.17110716400236828,0.10065127294256956,0.02901124925991711,0.3517887432996374,0.3246864053307236,0.37889108126855114,-0.012379855497530179,-0.037636152088930404,0.012876441093870046
2026-2,841,48,758,223,61,14,109,34,0.2941952506596306,0.3556085918854415,0.5052770448548812,0.8608856367403228,0.12960760998810938,0.07253269916765755,0.04042806183115339,0.3711280537000231,0.3315601163583041,0.4106959910417421,0.004488428863869455,-0.03464130065713757,0.04361815838487649
2026-3+,338,40,299,83,23,10,42,14,0.27759197324414714,0.34523809523809523,0.4816053511705686,0.8268434464086638,0.1242603550295858,0.06804733727810651,0.04142011834319527,0.35514640712207624,0.29544724121356153,0.41484557303059094,0.01611211582666828,-0.041915911875695856,0.07414014352903242
