{
  "inning_bands": [
    {
      "AB": 1672,
      "AVG": 0.27631578947368424,
      "BB": 195,
      "BB_pct": 0.10161542470036478,
      "H": 462,
      "HBP": 52,
      "HR": 57,
      "HR_pct": 0.0297029702970297,
      "K_pct": 0.16050026055237102,
      "OBP": 0.36946326211568525,
      "OPS": 0.8174297692927188,
      "PA": 1919,
      "RV_per_PA": 0.01063568982575961,
      "RV_per_PA_95_high": 0.03458669811296956,
      "RV_per_PA_95_low": -0.013315318461450343,
      "SLG": 0.4479665071770335,
      "SO": 308,
      "games": 101,
      "innings": "1-2",
      "wOBA": 0.3635366631906307,
      "wOBA_95_high": 0.38816879019526995,
      "wOBA_95_low": 0.3389045361859915
    },
    {
      "AB": 1681,
      "AVG": 0.2914931588340274,
      "BB": 172,
      "BB_pct": 0.09066947812335266,
      "H": 490,
      "HBP": 44,
      "HR": 63,
      "HR_pct": 0.033210332103321034,
      "K_pct": 0.12229836584080127,
      "OBP": 0.37216657880864523,
      "OPS": 0.8427198209264323,
      "PA": 1897,
      "RV_per_PA": 0.019468577309760666,
      "RV_per_PA_95_high": 0.04257528019317311,
      "RV_per_PA_95_low": -0.003638125573651778,
      "SLG": 0.47055324211778704,
      "SO": 232,
      "games": 101,
      "innings": "3-4",
      "wOBA": 0.37309726593476467,
      "wOBA_95_high": 0.3981785678356801,
      "wOBA_95_low": 0.3480159640338492
    },
    {
      "AB": 2152,
      "AVG": 0.266728624535316,
      "BB": 176,
      "BB_pct": 0.07407407407407407,
      "H": 574,
      "HBP": 47,
      "HR": 86,
      "HR_pct": 0.0361952861952862,
      "K_pct": 0.16035353535353536,
      "OBP": 0.33557894736842103,
      "OPS": 0.7765640774799452,
      "PA": 2376,
      "RV_per_PA": -0.008319584819364154,
      "RV_per_PA_95_high": 0.011256776152980753,
      "RV_per_PA_95_low": -0.02789594579170906,
      "SLG": 0.4409851301115242,
      "SO": 381,
      "games": 101,
      "innings": "5+",
      "wOBA": 0.3417097981618297,
      "wOBA_95_high": 0.36319023072410395,
      "wOBA_95_low": 0.3202293655995555
    }
  ],
  "mlb_tto_bf9": [
    {
      "AB": 3310,
      "AVG": 0.27492447129909364,
      "BB": 369,
      "BB_pct": 0.09777424483306836,
      "H": 910,
      "HBP": 94,
      "HR": 113,
      "HR_pct": 0.02994170641229465,
      "K_pct": 0.1579226285108638,
      "OBP": 0.36390140471773125,
      "OPS": 0.8055932476180334,
      "PA": 3774,
      "RV_per_PA": 0.005124732268068764,
      "RV_per_PA_95_high": 0.021205268447669342,
      "RV_per_PA_95_low": -0.010955803911531812,
      "SLG": 0.4416918429003021,
      "SO": 596,
      "games": 101,
      "tto_bf9": "1",
      "wOBA": 0.3589161931240137,
      "wOBA_95_high": 0.3761778012687218,
      "wOBA_95_low": 0.34165458497930556
    },
    {
      "AB": 1624,
      "AVG": 0.2789408866995074,
      "BB": 131,
      "BB_pct": 0.07289927657206455,
      "H": 453,
      "HBP": 42,
      "HR": 66,
      "HR_pct": 0.03672787979966611,
      "K_pct": 0.13466889259877574,
      "OBP": 0.34835837506956036,
      "OPS": 0.8138756164488707,
      "PA": 1797,
      "RV_per_PA": 0.006779234166335004,
      "RV_per_PA_95_high": 0.030214442308545055,
      "RV_per_PA_95_low": -0.01665597397587505,
      "SLG": 0.46551724137931033,
      "SO": 242,
      "games": 101,
      "tto_bf9": "2",
      "wOBA": 0.3573032362529944,
      "wOBA_95_high": 0.3816598296443597,
      "wOBA_95_low": 0.33294664286162917
    },
    {
      "AB": 494,
      "AVG": 0.2793522267206478,
      "BB": 36,
      "BB_pct": 0.06716417910447761,
      "H": 138,
      "HBP": 6,
      "HR": 22,
      "HR_pct": 0.041044776119402986,
      "K_pct": 0.13805970149253732,
      "OBP": 0.3358208955223881,
      "OPS": 0.7933107740648981,
      "PA": 536,
      "RV_per_PA": 0.0005558472556647216,
      "RV_per_PA_95_high": 0.05114088997164576,
      "RV_per_PA_95_low": -0.05002919546031631,
      "SLG": 0.4574898785425101,
      "SO": 74,
      "games": 73,
      "tto_bf9": "3",
      "wOBA": 0.3473200814209267,
      "wOBA_95_high": 0.40322818002387906,
      "wOBA_95_low": 0.2914119828179743
    },
    {
      "AB": 77,
      "AVG": 0.3246753246753247,
      "BB": 7,
      "BB_pct": 0.08235294117647059,
      "H": 25,
      "HBP": 1,
      "HR": 5,
      "HR_pct": 0.058823529411764705,
      "K_pct": 0.10588235294117647,
      "OBP": 0.38823529411764707,
      "OPS": 0.9726508785332315,
      "PA": 85,
      "RV_per_PA": 0.06768810465656042,
      "RV_per_PA_95_high": 0.18602835783771396,
      "RV_per_PA_95_low": -0.05065214852459313,
      "SLG": 0.5844155844155844,
      "SO": 9,
      "games": 22,
      "tto_bf9": "4+",
      "wOBA": 0.4084165637600299,
      "wOBA_95_high": 0.5291202975644058,
      "wOBA_95_low": 0.2877128299556539
    }
  ],
  "prior_series_games": [
    {
      "AB": 4512,
      "AVG": 0.27681737588652483,
      "BB": 436,
      "BB_pct": 0.08611495160971756,
      "H": 1249,
      "HBP": 114,
      "HR": 169,
      "HR_pct": 0.0333794193166107,
      "K_pct": 0.15168872210152085,
      "OBP": 0.35539312524693795,
      "OPS": 0.8070775224100586,
      "PA": 5063,
      "RV_per_PA": 0.004441469111004893,
      "RV_per_PA_95_high": 0.01943375680594235,
      "RV_per_PA_95_low": -0.010550818583932565,
      "SLG": 0.4516843971631206,
      "SO": 768,
      "games": 101,
      "prior_series_game_encounters": "0",
      "wOBA": 0.35665136900958044,
      "wOBA_95_high": 0.37291456822980584,
      "wOBA_95_low": 0.34038816978935504
    },
    {
      "AB": 801,
      "AVG": 0.2858926342072409,
      "BB": 86,
      "BB_pct": 0.09409190371991247,
      "H": 229,
      "HBP": 27,
      "HR": 31,
      "HR_pct": 0.03391684901531729,
      "K_pct": 0.13785557986870897,
      "OBP": 0.3741794310722101,
      "OPS": 0.8423442250797006,
      "PA": 914,
      "RV_per_PA": 0.018082577974665597,
      "RV_per_PA_95_high": 0.04570596211492091,
      "RV_per_PA_95_low": -0.009540806165589714,
      "SLG": 0.4681647940074906,
      "SO": 126,
      "games": 51,
      "prior_series_game_encounters": "1-2",
      "wOBA": 0.37347917428595023,
      "wOBA_95_high": 0.4027054144174259,
      "wOBA_95_low": 0.34425293415447455
    },
    {
      "AB": 192,
      "AVG": 0.25,
      "BB": 21,
      "BB_pct": 0.09767441860465116,
      "H": 48,
      "HBP": 2,
      "HR": 6,
      "HR_pct": 0.027906976744186046,
      "K_pct": 0.12558139534883722,
      "OBP": 0.3302325581395349,
      "OPS": 0.7260658914728682,
      "PA": 215,
      "RV_per_PA": -0.006698548727547369,
      "RV_per_PA_95_high": 0.0766482835272461,
      "RV_per_PA_95_low": -0.09004538098234084,
      "SLG": 0.3958333333333333,
      "SO": 27,
      "games": 29,
      "prior_series_game_encounters": "3+",
      "wOBA": 0.3268872174304908,
      "wOBA_95_high": 0.4133245009423747,
      "wOBA_95_low": 0.2404499339186069
    }
  ],
  "same_game_matchup": [
    {
      "AB": 3376,
      "AVG": 0.2728080568720379,
      "BB": 372,
      "BB_pct": 0.09679937548790007,
      "H": 921,
      "HBP": 94,
      "HR": 113,
      "HR_pct": 0.029404111371324485,
      "K_pct": 0.15873015873015872,
      "OBP": 0.3610098906819365,
      "OPS": 0.7988060992127421,
      "PA": 3843,
      "RV_per_PA": 0.00333562889612582,
      "RV_per_PA_95_high": 0.019657663298842942,
      "RV_per_PA_95_low": -0.012986405506591303,
      "SLG": 0.4377962085308057,
      "SO": 610,
      "encounter": "1",
      "games": 101,
      "wOBA": 0.35615359800378,
      "wOBA_95_high": 0.3735681495972263,
      "wOBA_95_low": 0.3387390464103337
    },
    {
      "AB": 1589,
      "AVG": 0.28319697923222154,
      "BB": 129,
      "BB_pct": 0.07329545454545454,
      "H": 450,
      "HBP": 42,
      "HR": 67,
      "HR_pct": 0.03806818181818182,
      "K_pct": 0.13465909090909092,
      "OBP": 0.3528409090909091,
      "OPS": 0.8260945277189771,
      "PA": 1760,
      "RV_per_PA": 0.009169638799412422,
      "RV_per_PA_95_high": 0.032611390684306046,
      "RV_per_PA_95_low": -0.014272113085481198,