encounter,PA,games,AB,H,BB,HBP,SO,HR,AVG,OBP,SLG,OPS,K_pct,BB_pct,HR_pct,wOBA,wOBA_95_low,wOBA_95_high,RV_per_PA,RV_per_PA_95_low,RV_per_PA_95_high
1,3716,98,3184,855,368,107,601,103,0.26853015075376885,0.36092265943012214,0.4255653266331658,0.786487986063288,0.1617330462863294,0.09903121636167922,0.027717976318622176,0.35355088798524525,0.33677518815874885,0.37032658781174166,-0.013824987904078379,-0.029464943312310834,0.0018149675041540768
2,1711,97,1525,459,123,43,220,69,0.30098360655737705,0.36764705882352944,0.5075409836065574,0.8751880424300869,0.12857977790765635,0.07188778492109878,0.04032729398012858,0.37979117851004857,0.35278501029862874,0.4067973467214684,0.010294012787496202,-0.015536164968481547,0.03612419054347395
3,507,73,456,148,33,10,62,24,0.32456140350877194,0.3797216699801193,0.543859649122807,0.9235813191029263,0.1222879684418146,0.0650887573964497,0.047337278106508875,0.3968940119191092,0.3340204852715492,0.45976753856666924,0.03730816273761038,-0.020306999515628525,0.0949233249908493
4+,85,22,74,25,8,1,9,5,0.33783783783783783,0.4,0.6081081081081081,1.0081081081081082,0.10588235294117647,0.09411764705882353,0.058823529411764705,0.4151471889711571,0.29584867389750213,0.5344457040448121,0.07011494292493149,-0.05238582612809936,0.19261571197796235
