{
  "inning_bands": [
    {
      "AB": 1587,
      "AVG": 0.28607435412728416,
      "BB": 189,
      "BB_pct": 0.10128617363344052,
      "H": 454,
      "HBP": 61,
      "HR": 55,
      "HR_pct": 0.02947481243301179,
      "K_pct": 0.15862808145766344,
      "OBP": 0.37992444684295734,
      "OPS": 0.8405419641712497,
      "PA": 1866,
      "RV_per_PA": 0.00640164920279158,
      "RV_per_PA_95_high": 0.030669023219113554,
      "RV_per_PA_95_low": -0.017865724813530392,
      "SLG": 0.46061751732829237,
      "SO": 296,
      "games": 98,
      "innings": "1-2",
      "wOBA": 0.37382269345594515,
      "wOBA_95_high": 0.3990349634146946,
      "wOBA_95_low": 0.34861042349719573
    },
    {
      "AB": 1603,
      "AVG": 0.2944479101684342,
      "BB": 169,
      "BB_pct": 0.09179793590439979,
      "H": 472,
      "HBP": 49,
      "HR": 61,
      "HR_pct": 0.033134166214014125,
      "K_pct": 0.12167300380228137,
      "OBP": 0.3770491803278688,
      "OPS": 0.852407882760807,
      "PA": 1841,
      "RV_per_PA": 0.005655343016166246,
      "RV_per_PA_95_high": 0.029356814475604974,
      "RV_per_PA_95_low": -0.018046128443272483,
      "SLG": 0.47535870243293826,
      "SO": 224,
      "games": 98,
      "innings": "3-4",
      "wOBA": 0.3770823654335463,
      "wOBA_95_high": 0.4027555950822968,
      "wOBA_95_low": 0.35140913578479577
    },
    {
      "AB": 2049,
      "AVG": 0.27379209370424595,
      "BB": 174,
      "BB_pct": 0.07525951557093426,
      "H": 561,
      "HBP": 51,
      "HR": 85,
      "HR_pct": 0.03676470588235294,
      "K_pct": 0.16089965397923875,
      "OBP": 0.34323144104803494,
      "OPS": 0.7966233395351018,
      "PA": 2312,
      "RV_per_PA": -0.013513215579901712,
      "RV_per_PA_95_high": 0.006236026660732714,
      "RV_per_PA_95_low": -0.033262457820536134,
      "SLG": 0.45339189848706685,
      "SO": 372,
      "games": 98,
      "innings": "5+",
      "wOBA": 0.3495095841968639,
      "wOBA_95_high": 0.3711935918251709,
      "wOBA_95_low": 0.3278255765685569
    }
  ],
  "mlb_tto_bf9": [
    {
      "AB": 3114,
      "AVG": 0.26846499678869623,
      "BB": 365,
      "BB_pct": 0.10024718483932986,
      "H": 836,
      "HBP": 106,
      "HR": 102,
      "HR_pct": 0.028014281790716838,
      "K_pct": 0.16149409502883824,
      "OBP": 0.36194959844918306,
      "OPS": 0.7880896112943983,
      "PA": 3641,
      "RV_per_PA": -0.013549240882379973,
      "RV_per_PA_95_high": 0.0018641912276544693,
      "RV_per_PA_95_low": -0.028962672992414416,
      "SLG": 0.42614001284521513,
      "SO": 588,
      "games": 98,
      "tto_bf9": "1",
      "wOBA": 0.35435909404163357,
      "wOBA_95_high": 0.3710616701028564,
      "wOBA_95_low": 0.33765651798041074
    },
    {
      "AB": 1564,
      "AVG": 0.30115089514066495,
      "BB": 125,
      "BB_pct": 0.07110352673492605,
      "H": 471,
      "HBP": 47,
      "HR": 69,
      "HR_pct": 0.03924914675767918,
      "K_pct": 0.12741751990898748,
      "OBP": 0.368270332187858,
      "OPS": 0.8753035802696995,
      "PA": 1758,
      "RV_per_PA": 0.011996119020424753,
      "RV_per_PA_95_high": 0.038123489870464426,
      "RV_per_PA_95_low": -0.014131251829614921,
      "SLG": 0.5070332480818415,
      "SO": 224,
      "games": 97,
      "tto_bf9": "2",
      "wOBA": 0.379747569700747,
      "wOBA_95_high": 0.4069251981210291,
      "wOBA_95_low": 0.3525699412804649
    },
    {
      "AB": 486,
      "AVG": 0.31893004115226337,
      "BB": 35,
      "BB_pct": 0.06542056074766354,
      "H": 155,
      "HBP": 7,
      "HR": 25,
      "HR_pct": 0.04672897196261682,
      "K_pct": 0.13271028037383178,
      "OBP": 0.3709981167608286,
      "OPS": 0.8998047011229685,
      "PA": 535,
      "RV_per_PA": 0.026355941042704733,
      "RV_per_PA_95_high": 0.08547364488678298,
      "RV_per_PA_95_low": -0.03276176280137351,
      "SLG": 0.5288065843621399,
      "SO": 71,
      "games": 72,
      "tto_bf9": "3",
      "wOBA": 0.3884051542893749,
      "wOBA_95_high": 0.4525509466966206,
      "wOBA_95_low": 0.32425936188212917
    },
    {
      "AB": 75,
      "AVG": 0.3333333333333333,
      "BB": 7,
      "BB_pct": 0.08235294117647059,
      "H": 25,
      "HBP": 1,
      "HR": 5,
      "HR_pct": 0.058823529411764705,
      "K_pct": 0.10588235294117647,
      "OBP": 0.38823529411764707,
      "OPS": 0.9882352941176471,
      "PA": 85,
      "RV_per_PA": 0.061853998134472,
      "RV_per_PA_95_high": 0.18772255024013945,
      "RV_per_PA_95_low": -0.06401455397119543,
      "SLG": 0.6,
      "SO": 9,
      "games": 21,
      "tto_bf9": "4+",
      "wOBA": 0.4057754860236863,
      "wOBA_95_high": 0.5290115972286908,
      "wOBA_95_low": 0.28253937481868174
    }
  ],
  "prior_series_games": [
    {
      "AB": 4318,
      "AVG": 0.28485409911996296,
      "BB": 426,
      "BB_pct": 0.08619991906110887,
      "H": 1230,
      "HBP": 128,
      "HR": 164,
      "HR_pct": 0.03318494536624848,
      "K_pct": 0.15054633751517604,
      "OBP": 0.3637846655791191,
      "OPS": 0.8271936512206197,
      "PA": 4942,
      "RV_per_PA": -0.0015256977563224035,
      "RV_per_PA_95_high": 0.014002500429189244,
      "RV_per_PA_95_low": -0.01705389594183405,
      "SLG": 0.4634089856415007,
      "SO": 744,
      "games": 98,
      "prior_series_game_encounters": "0",
      "wOBA": 0.3647907835281928,
      "wOBA_95_high": 0.3814438684805717,
      "wOBA_95_low": 0.34813769857581384
    },
    {
      "AB": 760,
      "AVG": 0.2894736842105263,
      "BB": 87,
      "BB_pct": 0.09775280898876404,
      "H": 220,
      "HBP": 30,
      "HR": 33,
      "HR_pct": 0.03707865168539326,
      "K_pct": 0.13595505617977527,
      "OBP": 0.3807909604519774,
      "OPS": 0.8636856972940827,
      "PA": 890,
      "RV_per_PA": 0.010305550672959888,
      "RV_per_PA_95_high": 0.04541892009162375,
      "RV_per_PA_95_low": -0.02480781874570398,
      "SLG": 0.48289473684210527,
      "SO": 121,
      "games": 49,
      "prior_series_game_encounters": "1-2",
      "wOBA": 0.3819371457896377,
      "wOBA_95_high": 0.41922571833393985,
      "wOBA_95_low": 0.3446485732453356
    },
    {
      "AB": 161,
      "AVG": 0.22981366459627328,
      "BB": 19,
      "BB_pct": 0.10160427807486631,
      "H": 37,
      "HBP": 3,
      "HR": 4,
      "HR_pct": 0.0213903743315508,
      "K_pct": 0.1443850267379679,
      "OBP": 0.32065217391304346,
      "OPS": 0.656055900621118,
      "PA": 187,
      "RV_per_PA": -0.056243488250003186,
      "RV_per_PA_95_high": 0.020536122539740097,
      "RV_per_PA_95_low": -0.13302309903974646,
      "SLG": 0.33540372670807456,
      "SO": 27,
      "games": 28,
      "prior_series_game_encounters": "3+",
      "wOBA": 0.3057332439751236,
      "wOBA_95_high": 0.3819644974299254,
      "wOBA_95_low": 0.22950199052032177
    }
  ],
  "same_game_matchup": [
    {
      "AB": 3184,
      "AVG": 0.26853015075376885,
      "BB": 368,
      "BB_pct": 0.09903121636167922,
      "H": 855,
      "HBP": 107,
      "HR": 103,
      "HR_pct": 0.027717976318622176,
      "K_pct": 0.1617330462863294,
      "OBP": 0.36092265943012214,
      "OPS": 0.786487986063288,
      "PA": 3716,
      "RV_per_PA": -0.013824987904078379,
      "RV_per_PA_95_high": 0.0018149675041540768,
      "RV_per_PA_95_low": -0.029464943312310834,
      "SLG": 0.4255653266331658,
      "SO": 601,
      "encounter": "1",
      "games": 98,
      "wOBA": 0.35355088798524525,
      "wOBA_95_high": 0.37032658781174166,
      "wOBA_95_low": 0.33677518815874885
    },
    {
      "AB": 1525,
      "AVG": 0.30098360655737705,
      "BB": 123,
      "BB_pct": 0.07188778492109878,
      "H": 459,
      "HBP": 43,
      "HR": 69,
      "HR_pct": 0.04032729398012858,
      "K_pct": 0.12857977790765635,
      "OBP": 0.36764705882352944,
      "OPS": 0.8751880424300869,
      "PA": 1711,
      "RV_per_PA": 0.010294012787496202,
      "RV_per_PA_95_high": 0.03612419054347395,
      "RV_per_PA_95_low": -0.015536164968481547,