prior_series_game_encounters,PA,games,AB,H,BB,HBP,SO,HR,AVG,OBP,SLG,OPS,K_pct,BB_pct,HR_pct,wOBA,wOBA_95_low,wOBA_95_high,RV_per_PA,RV_per_PA_95_low,RV_per_PA_95_high
0,4942,98,4318,1230,426,128,744,164,0.28485409911996296,0.3637846655791191,0.4634089856415007,0.8271936512206197,0.15054633751517604,0.08619991906110887,0.03318494536624848,0.3647907835281928,0.34813769857581384,0.3814438684805717,-0.0015256977563224035,-0.01705389594183405,0.014002500429189244
1-2,890,49,760,220,87,30,121,33,0.2894736842105263,0.3807909604519774,0.48289473684210527,0.8636856972940827,0.13595505617977527,0.09775280898876404,0.03707865168539326,0.3819371457896377,0.3446485732453356,0.41922571833393985,0.010305550672959888,-0.02480781874570398,0.04541892009162375
3+,187,28,161,37,19,3,27,4,0.22981366459627328,0.32065217391304346,0.33540372670807456,0.656055900621118,0.1443850267379679,0.10160427807486631,0.0213903743315508,0.3057332439751236,0.22950199052032177,0.3819644974299254,-0.056243488250003186,-0.13302309903974646,0.020536122539740097
