innings,PA,games,AB,H,BB,HBP,SO,HR,AVG,OBP,SLG,OPS,K_pct,BB_pct,HR_pct,wOBA,wOBA_95_low,wOBA_95_high,RV_per_PA,RV_per_PA_95_low,RV_per_PA_95_high
1-2,1866,98,1587,454,189,61,296,55,0.28607435412728416,0.37992444684295734,0.46061751732829237,0.8405419641712497,0.15862808145766344,0.10128617363344052,0.02947481243301179,0.37382269345594515,0.34861042349719573,0.3990349634146946,0.00640164920279158,-0.017865724813530392,0.030669023219113554
3-4,1841,98,1603,472,169,49,224,61,0.2944479101684342,0.3770491803278688,0.47535870243293826,0.852407882760807,0.12167300380228137,0.09179793590439979,0.033134166214014125,0.3770823654335463,0.35140913578479577,0.4027555950822968,0.005655343016166246,-0.018046128443272483,0.029356814475604974
5+,2312,98,2049,561,174,51,372,85,0.27379209370424595,0.34323144104803494,0.45339189848706685,0.7966233395351018,0.16089965397923875,0.07525951557093426,0.03676470588235294,0.3495095841968639,0.3278255765685569,0.3711935918251709,-0.013513215579901712,-0.033262457820536134,0.006236026660732714
