maximum_absolute_run_change,sign_agreement_positions,spearman_vs_full,variant
1.6967513539018295,8,0.9761904761904762,leave_team_out:Carolina Blaze
2.544920684373438,8,0.8095238095238095,leave_team_out:Chicago Bandits
1.5071240559347654,6,0.9523809523809523,leave_team_out:Oklahoma City Spark
1.6828449050151724,8,0.9523809523809523,leave_team_out:Portland Cascade
1.2423551323430442,8,0.9761904761904762,leave_team_out:Texas Volts
2.1660624091439793,8,0.9047619047619048,leave_team_out:Utah Talons
7.017842994450211,7,0.5476190476190477,season_2025
6.778501456332106,7,0.6190476190476191,season_2026
