{
  "combined_players": 120,
  "completed_games": 51,
  "league_adjusted_position_raa": -2.987193825632062e-15,
  "league_arm_runs": -1.5241793207143741,
  "league_baserunning_runs": -1.7590096046404824e-15,
  "league_catcher_throwing_runs": 4.683753385137379e-17,
  "league_double_play_avoidance_runs": -1.3877787807814457e-17,
  "league_non_steal_advancement_runs": -2.6124935548210715e-15,
  "league_position_batting_runs": -3.6914915568786455e-15,
  "league_range_runs": -0.2297973385555162,
  "pitcher_defense_war_total": 0.044107733856955954,
  "pitchers": 41,
  "pitching_component_war_total": 8.980583624167735,
  "pitching_war_total": 9.024691358024691,
  "position_players": 114,
  "position_war_total": 11.96296296296296,
  "runs_per_win": 10.227685325264751,
  "season": 2026,
  "snapshot_id": "20260707T142450Z",
  "total_war": 20.98765432098765
}
