{
  "combined_players": 78,
  "completed_games": 50,
  "league_adjusted_position_raa": -2.220446049250313e-16,
  "league_arm_runs": 0.6503285943924294,
  "league_baserunning_runs": 8.257283745649602e-16,
  "league_catcher_throwing_runs": -5.551115123125783e-17,
  "league_double_play_avoidance_runs": 0.0,
  "league_non_steal_advancement_runs": -1.1171619185290638e-15,
  "league_position_batting_runs": 1.1962653090336062e-13,
  "league_range_runs": -0.07796684017943682,
  "pitcher_defense_war_total": 0.00019464079940994294,
  "pitchers": 27,
  "pitching_component_war_total": 8.847541984714994,
  "pitching_war_total": 8.847736625514404,
  "position_players": 73,
  "position_war_total": 11.728395061728396,
  "runs_per_win": 10.664688427299703,
  "season": 2025,
  "snapshot_id": "20260707T142450Z",
  "total_war": 20.5761316872428
}
