{
  "combined_players": 121,
  "completed_games": 48,
  "league_adjusted_position_raa": -3.34297476853318e-15,
  "league_arm_runs": -2.4572513161786493,
  "league_baserunning_runs": -6.59211183903774e-15,
  "league_catcher_throwing_runs": -6.938893903907228e-18,
  "league_double_play_avoidance_runs": 9.298117831235686e-16,
  "league_non_steal_advancement_runs": -5.412499875373511e-15,
  "league_position_batting_runs": 1.4854784069484595e-13,
  "league_range_runs": 1.9424304158181884,
  "pitcher_defense_war_total": 0.0917441374152154,
  "pitchers": 41,
  "pitching_component_war_total": 8.402083023078612,
  "pitching_war_total": 8.493827160493828,
  "position_players": 118,
  "position_war_total": 11.259259259259261,
  "runs_per_win": 10.23671497584541,
  "season": 2026,
  "snapshot_id": "20260704T165430Z",
  "total_war": 19.75308641975309
}
